ParticipantID,StatementID,Rating,RatingType
1,1,1,Importance
1,2,1,Importance
1,3,1,Importance
1,4,1,Importance
1,5,1,Importance
1,6,1,Importance
1,7,1,Importance
1,8,1,Importance
1,9,1,Importance
1,10,1,Importance
1,11,1,Importance
1,12,1,Importance
1,13,1,Importance
1,14,1,Importance
1,15,1,Importance
1,16,1,Importance
1,17,1,Importance
1,18,1,Importance
1,19,1,Importance
1,20,1,Importance
1,21,1,Importance
1,22,1,Importance
1,23,1,Importance
1,24,1,Importance
1,25,1,Importance
1,26,1,Importance
1,27,1,Importance
1,28,1,Importance
1,29,1,Importance
1,30,1,Importance
1,31,1,Importance
1,32,1,Importance
1,33,1,Importance
1,34,1,Importance
1,35,1,Importance
1,36,1,Importance
1,37,1,Importance
1,38,1,Importance
1,39,1,Importance
1,40,1,Importance
1,41,1,Importance
1,42,1,Importance
1,43,1,Importance
1,44,1,Importance
1,45,1,Importance
1,46,1,Importance
1,47,1,Importance
1,48,1,Importance
1,49,1,Importance
1,50,1,Importance
1,51,1,Importance
1,52,1,Importance
1,53,1,Importance
1,54,1,Importance
1,55,1,Importance
1,56,1,Importance
1,57,1,Importance
1,58,1,Importance
1,59,1,Importance
1,60,1,Importance
1,61,1,Importance
1,62,1,Importance
1,63,1,Importance
1,64,1,Importance
1,65,1,Importance
1,66,1,Importance
1,67,1,Importance
1,68,1,Importance
1,69,1,Importance
1,70,1,Importance
1,71,1,Importance
1,72,1,Importance
1,73,1,Importance
1,74,1,Importance
1,75,1,Importance
1,76,1,Importance
1,77,1,Importance
1,78,1,Importance
1,79,1,Importance
1,80,1,Importance
1,81,1,Importance
1,82,1,Importance
1,83,1,Importance
1,84,1,Importance
1,85,1,Importance
1,86,1,Importance
1,87,1,Importance
1,88,1,Importance
1,89,1,Importance
1,90,1,Importance
1,91,1,Importance
1,92,1,Importance
1,93,1,Importance
1,94,1,Importance
1,95,1,Importance
1,96,1,Importance
1,97,1,Importance
1,98,1,Importance
1,99,1,Importance
1,100,1,Importance
1,1,1,Feasibility
1,2,1,Feasibility
1,3,1,Feasibility
1,4,1,Feasibility
1,5,1,Feasibility
1,6,1,Feasibility
1,7,1,Feasibility
1,8,1,Feasibility
1,9,1,Feasibility
1,10,1,Feasibility
1,11,1,Feasibility
1,12,1,Feasibility
1,13,1,Feasibility
1,14,1,Feasibility
1,15,1,Feasibility
1,16,1,Feasibility
1,17,1,Feasibility
1,18,1,Feasibility
1,19,1,Feasibility
1,20,1,Feasibility
1,21,1,Feasibility
1,22,1,Feasibility
1,23,1,Feasibility
1,24,1,Feasibility
1,25,1,Feasibility
1,26,1,Feasibility
1,27,1,Feasibility
1,28,1,Feasibility
1,29,1,Feasibility
1,30,1,Feasibility
1,31,1,Feasibility
1,32,1,Feasibility
1,33,1,Feasibility
1,34,1,Feasibility
1,35,1,Feasibility
1,36,1,Feasibility
1,37,1,Feasibility
1,38,1,Feasibility
1,39,1,Feasibility
1,40,1,Feasibility
1,41,1,Feasibility
1,42,1,Feasibility
1,43,1,Feasibility
1,44,1,Feasibility
1,45,1,Feasibility
1,46,1,Feasibility
1,47,1,Feasibility
1,48,1,Feasibility
1,49,1,Feasibility
1,50,1,Feasibility
1,51,1,Feasibility
1,52,1,Feasibility
1,53,1,Feasibility
1,54,1,Feasibility
1,55,1,Feasibility
1,56,1,Feasibility
1,57,1,Feasibility
1,58,1,Feasibility
1,59,1,Feasibility
1,60,1,Feasibility
1,61,1,Feasibility
1,62,1,Feasibility
1,63,1,Feasibility
1,64,1,Feasibility
1,65,1,Feasibility
1,66,1,Feasibility
1,67,1,Feasibility
1,68,1,Feasibility
1,69,1,Feasibility
1,70,1,Feasibility
1,71,1,Feasibility
1,72,1,Feasibility
1,73,1,Feasibility
1,74,1,Feasibility
1,75,1,Feasibility
1,76,1,Feasibility
1,77,1,Feasibility
1,78,1,Feasibility
1,79,1,Feasibility
1,80,1,Feasibility
1,81,1,Feasibility
1,82,1,Feasibility
1,83,1,Feasibility
1,84,1,Feasibility
1,85,1,Feasibility
1,86,1,Feasibility
1,87,1,Feasibility
1,88,1,Feasibility
1,89,1,Feasibility
1,90,1,Feasibility
1,91,1,Feasibility
1,92,1,Feasibility
1,93,1,Feasibility
1,94,1,Feasibility
1,95,1,Feasibility
1,96,1,Feasibility
1,97,1,Feasibility
1,98,1,Feasibility
1,99,1,Feasibility
1,100,1,Feasibility
3,1,4,Importance
3,2,3,Importance
3,3,3,Importance
3,4,4,Importance
3,5,3,Importance
3,6,2,Importance
3,7,3,Importance
3,8,4,Importance
3,9,4,Importance
3,10,2,Importance
3,11,4,Importance
3,12,2,Importance
3,13,3,Importance
3,14,2,Importance
3,15,4,Importance
3,16,4,Importance
3,17,3,Importance
3,18,4,Importance
3,19,3,Importance
3,20,2,Importance
3,21,2,Importance
3,22,3,Importance
3,23,3,Importance
3,24,4,Importance
3,25,3,Importance
3,26,3,Importance
3,27,4,Importance
3,28,2,Importance
3,29,1,Importance
3,30,4,Importance
3,31,3,Importance
3,32,3,Importance
3,33,3,Importance
3,34,3,Importance
3,35,3,Importance
3,36,3,Importance
3,37,4,Importance
3,38,3,Importance
3,39,3,Importance
3,40,3,Importance
3,41,3,Importance
3,42,4,Importance
3,43,3,Importance
3,44,4,Importance
3,45,4,Importance
3,46,2,Importance
3,47,3,Importance
3,48,4,Importance
3,49,4,Importance
3,50,3,Importance
3,51,3,Importance
3,52,3,Importance
3,53,4,Importance
3,54,4,Importance
3,55,3,Importance
3,56,2,Importance
3,57,3,Importance
3,58,3,Importance
3,59,4,Importance
3,60,2,Importance
3,61,1,Importance
3,62,2,Importance
3,63,4,Importance
3,64,3,Importance
3,65,2,Importance
3,66,4,Importance
3,67,3,Importance
3,68,3,Importance
3,69,4,Importance
3,70,4,Importance
3,71,3,Importance
3,72,3,Importance
3,73,3,Importance
3,74,2,Importance
3,75,3,Importance
3,76,4,Importance
3,77,2,Importance
3,78,4,Importance
3,79,5,Importance
3,80,3,Importance
3,81,4,Importance
3,82,4,Importance
3,83,2,Importance
3,84,4,Importance
3,85,3,Importance
3,86,3,Importance
3,87,1,Importance
3,88,4,Importance
3,89,5,Importance
3,90,3,Importance
3,91,3,Importance
3,92,4,Importance
3,93,3,Importance
3,94,4,Importance
3,95,2,Importance
3,96,3,Importance
3,97,3,Importance
3,98,4,Importance
3,99,3,Importance
3,100,4,Importance
3,1,3,Feasibility
3,2,3,Feasibility
3,3,3,Feasibility
3,4,4,Feasibility
3,5,3,Feasibility
3,6,3,Feasibility
3,7,3,Feasibility
3,8,4,Feasibility
3,9,3,Feasibility
3,10,2,Feasibility
3,11,4,Feasibility
3,12,2,Feasibility
3,13,4,Feasibility
3,14,3,Feasibility
3,15,3,Feasibility
3,16,4,Feasibility
3,17,3,Feasibility
3,18,4,Feasibility
3,19,3,Feasibility
3,20,2,Feasibility
3,21,3,Feasibility
3,22,3,Feasibility
3,23,4,Feasibility
3,24,4,Feasibility
3,25,4,Feasibility
3,26,1,Feasibility
3,27,4,Feasibility
3,28,3,Feasibility
3,29,2,Feasibility
3,30,4,Feasibility
3,31,3,Feasibility
3,32,2,Feasibility
3,33,3,Feasibility
3,34,3,Feasibility
3,35,3,Feasibility
3,36,3,Feasibility
3,37,5,Feasibility
3,38,4,Feasibility
3,39,3,Feasibility
3,40,3,Feasibility
3,41,3,Feasibility
3,42,4,Feasibility
3,43,3,Feasibility
3,44,4,Feasibility
3,45,3,Feasibility
3,46,1,Feasibility
3,47,3,Feasibility
3,48,3,Feasibility
3,49,3,Feasibility
3,50,5,Feasibility
3,51,4,Feasibility
3,52,3,Feasibility
3,53,4,Feasibility
3,54,3,Feasibility
3,55,4,Feasibility
3,56,3,Feasibility
3,57,3,Feasibility
3,58,3,Feasibility
3,59,4,Feasibility
3,60,3,Feasibility
3,61,1,Feasibility
3,62,3,Feasibility
3,63,3,Feasibility
3,64,4,Feasibility
3,65,3,Feasibility
3,66,3,Feasibility
3,67,3,Feasibility
3,68,4,Feasibility
3,69,5,Feasibility
3,70,4,Feasibility
3,71,3,Feasibility
3,72,3,Feasibility
3,73,3,Feasibility
3,74,3,Feasibility
3,75,3,Feasibility
3,76,4,Feasibility
3,77,2,Feasibility
3,78,4,Feasibility
3,79,4,Feasibility
3,80,3,Feasibility
3,81,3,Feasibility
3,82,3,Feasibility
3,83,2,Feasibility
3,84,4,Feasibility
3,85,3,Feasibility
3,86,3,Feasibility
3,87,2,Feasibility
3,88,4,Feasibility
3,89,4,Feasibility
3,90,3,Feasibility
3,91,4,Feasibility
3,92,3,Feasibility
3,93,3,Feasibility
3,94,3,Feasibility
3,95,3,Feasibility
3,96,3,Feasibility
3,97,3,Feasibility
3,98,4,Feasibility
3,99,3,Feasibility
3,100,5,Feasibility
4,1,4,Importance
4,2,2,Importance
4,3,5,Importance
4,4,4,Importance
4,5,5,Importance
4,6,4,Importance
4,7,3,Importance
4,8,5,Importance
4,9,5,Importance
4,10,2,Importance
4,11,5,Importance
4,12,2,Importance
4,13,4,Importance
4,14,4,Importance
4,15,5,Importance
4,16,5,Importance
4,17,2,Importance
4,18,4,Importance
4,19,3,Importance
4,20,2,Importance
4,21,4,Importance
4,22,3,Importance
4,23,5,Importance
4,24,5,Importance
4,25,2,Importance
4,26,1,Importance
4,27,4,Importance
4,28,1,Importance
4,29,2,Importance
4,30,5,Importance
4,31,2,Importance
4,32,3,Importance
4,33,3,Importance
4,34,2,Importance
4,35,4,Importance
4,36,1,Importance
4,37,2,Importance
4,38,3,Importance
4,39,5,Importance
4,40,1,Importance
4,41,4,Importance
4,42,5,Importance
4,43,3,Importance
4,44,5,Importance
4,45,1,Importance
4,46,4,Importance
4,47,2,Importance
4,48,2,Importance
4,49,3,Importance
4,50,4,Importance
4,51,2,Importance
4,52,2,Importance
4,53,5,Importance
4,54,4,Importance
4,55,5,Importance
4,56,3,Importance
4,57,3,Importance
4,58,4,Importance
4,59,5,Importance
4,60,5,Importance
4,61,2,Importance
4,62,2,Importance
4,63,3,Importance
4,64,5,Importance
4,65,2,Importance
4,66,1,Importance
4,67,1,Importance
4,68,3,Importance
4,69,5,Importance
4,70,5,Importance
4,71,2,Importance
4,72,5,Importance
4,73,4,Importance
4,74,2,Importance
4,75,1,Importance
4,76,4,Importance
4,77,2,Importance
4,78,4,Importance
4,79,4,Importance
4,80,5,Importance
4,81,5,Importance
4,82,3,Importance
4,83,2,Importance
4,84,4,Importance
4,85,5,Importance
4,86,4,Importance
4,87,2,Importance
4,88,5,Importance
4,89,5,Importance
4,90,5,Importance
4,91,4,Importance
4,92,2,Importance
4,93,1,Importance
4,94,5,Importance
4,95,1,Importance
4,96,2,Importance
4,97,5,Importance
4,98,5,Importance
4,99,1,Importance
4,100,5,Importance
4,1,3,Feasibility
4,2,5,Feasibility
4,3,3,Feasibility
4,4,5,Feasibility
4,5,4,Feasibility
4,6,5,Feasibility
4,7,5,Feasibility
4,8,4,Feasibility
4,9,4,Feasibility
4,10,2,Feasibility
4,11,5,Feasibility
4,12,5,Feasibility
4,13,5,Feasibility
4,14,1,Feasibility
4,15,4,Feasibility
4,16,4,Feasibility
4,17,5,Feasibility
4,18,4,Feasibility
4,19,4,Feasibility
4,20,2,Feasibility
4,21,5,Feasibility
4,22,5,Feasibility
4,23,5,Feasibility
4,24,4,Feasibility
4,25,5,Feasibility
4,26,3,Feasibility
4,27,4,Feasibility
4,28,5,Feasibility
4,29,3,Feasibility
4,30,5,Feasibility
4,31,2,Feasibility
4,32,2,Feasibility
4,33,3,Feasibility
4,34,5,Feasibility
4,35,3,Feasibility
4,36,2,Feasibility
4,37,5,Feasibility
4,38,3,Feasibility
4,39,4,Feasibility
4,40,3,Feasibility
4,41,5,Feasibility
4,42,5,Feasibility
4,43,3,Feasibility
4,44,5,Feasibility
4,45,3,Feasibility
4,46,2,Feasibility
4,47,3,Feasibility
4,48,5,Feasibility
4,49,5,Feasibility
4,50,5,Feasibility
4,51,4,Feasibility
4,52,3,Feasibility
4,53,5,Feasibility
4,54,2,Feasibility
4,55,4,Feasibility
4,56,3,Feasibility
4,57,5,Feasibility
4,58,5,Feasibility
4,59,4,Feasibility
4,60,3,Feasibility
4,61,5,Feasibility
4,62,5,Feasibility
4,63,3,Feasibility
4,64,5,Feasibility
4,65,5,Feasibility
4,66,3,Feasibility
4,67,3,Feasibility
4,68,4,Feasibility
4,69,5,Feasibility
4,70,4,Feasibility
4,71,3,Feasibility
4,72,5,Feasibility
4,73,4,Feasibility
4,74,4,Feasibility
4,75,2,Feasibility
4,76,5,Feasibility
4,77,4,Feasibility
4,78,1,Feasibility
4,79,5,Feasibility
4,80,5,Feasibility
4,81,3,Feasibility
4,82,5,Feasibility
4,83,2,Feasibility
4,84,5,Feasibility
4,85,2,Feasibility
4,86,1,Feasibility
4,87,4,Feasibility
4,88,4,Feasibility
4,89,5,Feasibility
4,90,5,Feasibility
4,91,1,Feasibility
4,92,4,Feasibility
4,93,5,Feasibility
4,94,3,Feasibility
4,95,3,Feasibility
4,96,2,Feasibility
4,97,5,Feasibility
4,98,5,Feasibility
4,99,2,Feasibility
4,100,5,Feasibility
5,1,5,Importance
5,2,5,Importance
5,3,5,Importance
5,4,4,Importance
5,5,4,Importance
5,6,3,Importance
5,7,4,Importance
5,8,4,Importance
5,9,4,Importance
5,10,2,Importance
5,11,4,Importance
5,12,5,Importance
5,13,5,Importance
5,14,3,Importance
5,15,4,Importance
5,16,4,Importance
5,17,3,Importance
5,18,5,Importance
5,19,4,Importance
5,20,4,Importance
5,21,4,Importance
5,22,4,Importance
5,23,5,Importance
5,24,3,Importance
5,25,5,Importance
5,26,2,Importance
5,27,4,Importance
5,28,3,Importance
5,29,2,Importance
5,30,4,Importance
5,31,4,Importance
5,32,2,Importance
5,33,4,Importance
5,34,3,Importance
5,35,2,Importance
5,36,4,Importance
5,37,4,Importance
5,38,5,Importance
5,39,5,Importance
5,40,5,Importance
5,41,4,Importance
5,42,4,Importance
5,43,3,Importance
5,44,3,Importance
5,45,3,Importance
5,46,2,Importance
5,47,3,Importance
5,48,3,Importance
5,49,4,Importance
5,50,5,Importance
5,51,3,Importance
5,52,2,Importance
5,53,4,Importance
5,54,2,Importance
5,55,3,Importance
5,56,3,Importance
5,57,5,Importance
5,58,4,Importance
5,59,4,Importance
5,60,3,Importance
5,61,3,Importance
5,62,4,Importance
5,63,4,Importance
5,64,3,Importance
5,65,4,Importance
5,66,4,Importance
5,67,3,Importance
5,68,2,Importance
5,69,5,Importance
5,70,4,Importance
5,71,4,Importance
5,72,3,Importance
5,73,3,Importance
5,74,4,Importance
5,75,5,Importance
5,76,4,Importance
5,77,2,Importance
5,78,3,Importance
5,79,5,Importance
5,80,4,Importance
5,81,3,Importance
5,82,2,Importance
5,83,3,Importance
5,84,5,Importance
5,85,3,Importance
5,86,2,Importance
5,87,1,Importance
5,88,4,Importance
5,89,5,Importance
5,90,3,Importance
5,91,3,Importance
5,92,4,Importance
5,93,4,Importance
5,94,4,Importance
5,95,4,Importance
5,96,5,Importance
5,97,4,Importance
5,98,4,Importance
5,99,5,Importance
5,100,4,Importance
5,1,3,Feasibility
5,2,3,Feasibility
5,3,4,Feasibility
5,4,5,Feasibility
5,5,3,Feasibility
5,6,5,Feasibility
5,7,3,Feasibility
5,8,4,Feasibility
5,9,4,Feasibility
5,10,4,Feasibility
5,11,5,Feasibility
5,12,4,Feasibility
5,13,2,Feasibility
5,14,4,Feasibility
5,15,5,Feasibility
5,16,5,Feasibility
5,17,5,Feasibility
5,18,5,Feasibility
5,19,4,Feasibility
5,20,2,Feasibility
5,21,5,Feasibility
5,22,5,Feasibility
5,23,5,Feasibility
5,24,5,Feasibility
5,25,4,Feasibility
5,26,2,Feasibility
5,27,5,Feasibility
5,28,3,Feasibility
5,29,2,Feasibility
5,30,5,Feasibility
5,31,3,Feasibility
5,32,3,Feasibility
5,33,3,Feasibility
5,34,5,Feasibility
5,35,4,Feasibility
5,36,4,Feasibility
5,37,5,Feasibility
5,38,3,Feasibility
5,39,4,Feasibility
5,40,4,Feasibility
5,41,5,Feasibility
5,42,5,Feasibility
5,43,5,Feasibility
5,44,4,Feasibility
5,45,5,Feasibility
5,46,4,Feasibility
5,47,2,Feasibility
5,48,3,Feasibility
5,49,3,Feasibility
5,50,5,Feasibility
5,51,5,Feasibility
5,52,4,Feasibility
5,53,5,Feasibility
5,54,3,Feasibility
5,55,3,Feasibility
5,56,4,Feasibility
5,57,5,Feasibility
5,58,5,Feasibility
5,59,5,Feasibility
5,60,2,Feasibility
5,61,3,Feasibility
5,62,5,Feasibility
5,63,3,Feasibility
5,64,4,Feasibility
5,65,3,Feasibility
5,66,4,Feasibility
5,67,3,Feasibility
5,68,4,Feasibility
5,69,5,Feasibility
5,70,5,Feasibility
5,71,2,Feasibility
5,72,5,Feasibility
5,73,4,Feasibility
5,74,4,Feasibility
5,75,3,Feasibility
5,76,5,Feasibility
5,77,2,Feasibility
5,78,2,Feasibility
5,79,5,Feasibility
5,80,5,Feasibility
5,81,3,Feasibility
5,82,1,Feasibility
5,83,2,Feasibility
5,84,5,Feasibility
5,85,4,Feasibility
5,86,4,Feasibility
5,87,5,Feasibility
5,88,4,Feasibility
5,89,5,Feasibility
5,90,5,Feasibility
5,91,2,Feasibility
5,92,3,Feasibility
5,93,3,Feasibility
5,94,4,Feasibility
5,95,3,Feasibility
5,96,2,Feasibility
5,97,5,Feasibility
5,98,5,Feasibility
5,99,2,Feasibility
5,100,5,Feasibility
6,1,5,Importance
6,2,5,Importance
6,3,5,Importance
6,4,5,Importance
6,5,4,Importance
6,6,4,Importance
6,7,5,Importance
6,8,5,Importance
6,9,5,Importance
6,10,5,Importance
6,11,4,Importance
6,12,4,Importance
6,13,3,Importance
6,14,4,Importance
6,15,4,Importance
6,16,4,Importance
6,17,5,Importance
6,18,5,Importance
6,19,5,Importance
6,20,3,Importance
6,21,5,Importance
6,22,5,Importance
6,23,5,Importance
6,24,5,Importance
6,25,2,Importance
6,26,4,Importance
6,27,5,Importance
6,28,5,Importance
6,29,5,Importance
6,30,5,Importance
6,31,5,Importance
6,32,5,Importance
6,33,5,Importance
6,34,5,Importance
6,35,5,Importance
6,36,5,Importance
6,37,3,Importance
6,38,5,Importance
6,39,5,Importance
6,40,5,Importance
6,41,3,Importance
6,42,5,Importance
6,43,5,Importance
6,44,4,Importance
6,45,5,Importance
6,46,5,Importance
6,47,4,Importance
6,48,5,Importance
6,49,5,Importance
6,50,5,Importance
6,51,5,Importance
6,52,5,Importance
6,53,5,Importance
6,54,5,Importance
6,55,5,Importance
6,56,3,Importance
6,57,5,Importance
6,58,5,Importance
6,59,5,Importance
6,60,4,Importance
6,61,3,Importance
6,62,4,Importance
6,63,5,Importance
6,64,5,Importance
6,65,5,Importance
6,66,5,Importance
6,67,5,Importance
6,68,5,Importance
6,69,5,Importance
6,70,5,Importance
6,71,4,Importance
6,72,5,Importance
6,73,5,Importance
6,74,5,Importance
6,75,5,Importance
6,76,4,Importance
6,77,5,Importance
6,78,3,Importance
6,79,4,Importance
6,80,4,Importance
6,81,5,Importance
6,82,5,Importance
6,83,5,Importance
6,84,5,Importance
6,85,5,Importance
6,86,5,Importance
6,87,2,Importance
6,88,2,Importance
6,89,5,Importance
6,90,3,Importance
6,91,5,Importance
6,92,5,Importance
6,93,5,Importance
6,94,5,Importance
6,95,5,Importance
6,96,5,Importance
6,97,1,Importance
6,98,5,Importance
6,99,4,Importance
6,100,5,Importance
6,1,5,Feasibility
6,2,5,Feasibility
6,3,4,Feasibility
6,4,4,Feasibility
6,5,3,Feasibility
6,6,2,Feasibility
6,7,5,Feasibility
6,8,3,Feasibility
6,9,5,Feasibility
6,10,4,Feasibility
6,11,5,Feasibility
6,12,3,Feasibility
6,13,2,Feasibility
6,14,3,Feasibility
6,15,3,Feasibility
6,16,3,Feasibility
6,17,2,Feasibility
6,18,4,Feasibility
6,19,5,Feasibility
6,20,4,Feasibility
6,21,5,Feasibility
6,22,5,Feasibility
6,23,5,Feasibility
6,24,4,Feasibility
6,25,2,Feasibility
6,26,3,Feasibility
6,27,4,Feasibility
6,28,3,Feasibility
6,29,4,Feasibility
6,30,4,Feasibility
6,31,2,Feasibility
6,32,3,Feasibility
6,33,2,Feasibility
6,34,5,Feasibility
6,35,3,Feasibility
6,36,3,Feasibility
6,38,5,Feasibility
6,39,4,Feasibility
6,40,3,Feasibility
6,41,4,Feasibility
6,42,4,Feasibility
6,43,5,Feasibility
6,44,3,Feasibility
6,45,4,Feasibility
6,46,2,Feasibility
6,47,3,Feasibility
6,48,1,Feasibility
6,49,1,Feasibility
6,50,4,Feasibility
6,51,4,Feasibility
6,52,3,Feasibility
6,53,2,Feasibility
6,54,3,Feasibility
6,55,2,Feasibility
6,56,4,Feasibility
6,57,5,Feasibility
6,58,5,Feasibility
6,59,5,Feasibility
6,60,3,Feasibility
6,61,2,Feasibility
6,62,4,Feasibility
6,63,2,Feasibility
6,64,3,Feasibility
6,65,2,Feasibility
6,66,3,Feasibility
6,67,2,Feasibility
6,68,5,Feasibility
6,69,4,Feasibility
6,70,5,Feasibility
6,71,3,Feasibility
6,72,5,Feasibility
6,73,3,Feasibility
6,74,3,Feasibility
6,75,3,Feasibility
6,76,4,Feasibility
6,77,2,Feasibility
6,78,4,Feasibility
6,79,3,Feasibility
6,80,3,Feasibility
6,81,3,Feasibility
6,82,2,Feasibility
6,83,2,Feasibility
6,84,5,Feasibility
6,85,5,Feasibility
6,86,5,Feasibility
6,87,4,Feasibility
6,88,4,Feasibility
6,89,5,Feasibility
6,90,5,Feasibility
6,91,3,Feasibility
6,92,4,Feasibility
6,93,2,Feasibility
6,94,3,Feasibility
6,95,5,Feasibility
6,96,3,Feasibility
6,97,3,Feasibility
6,98,4,Feasibility
6,99,3,Feasibility
6,100,4,Feasibility
7,1,4,Importance
7,2,3,Importance
7,3,4,Importance
7,4,3,Importance
7,5,1,Importance
7,6,4,Importance
7,7,3,Importance
7,8,3,Importance
7,9,4,Importance
7,10,3,Importance
7,11,3,Importance
7,12,4,Importance
7,13,2,Importance
7,14,5,Importance
7,15,4,Importance
7,16,2,Importance
7,17,5,Importance
7,18,3,Importance
7,19,3,Importance
7,20,3,Importance
7,21,3,Importance
7,22,3,Importance
7,23,4,Importance
7,24,4,Importance
7,25,5,Importance
7,26,2,Importance
7,27,3,Importance
7,28,4,Importance
7,29,3,Importance
7,30,4,Importance
7,31,3,Importance
7,32,2,Importance
7,33,2,Importance
7,34,2,Importance
7,35,3,Importance
7,36,2,Importance
7,37,2,Importance
7,38,4,Importance
7,39,3,Importance
7,40,4,Importance
7,41,3,Importance
7,42,3,Importance
7,43,3,Importance
7,44,4,Importance
7,45,2,Importance
7,46,3,Importance
7,47,2,Importance
7,48,2,Importance
7,49,3,Importance
7,50,5,Importance
7,51,3,Importance
7,52,2,Importance
7,53,3,Importance
7,54,3,Importance
7,55,2,Importance
7,56,3,Importance
7,57,2,Importance
7,58,3,Importance
7,59,4,Importance
7,60,3,Importance
7,61,2,Importance
7,62,4,Importance
7,63,3,Importance
7,64,4,Importance
7,65,2,Importance
7,66,4,Importance
7,67,3,Importance
7,68,4,Importance
7,69,2,Importance
7,70,3,Importance
7,71,2,Importance
7,72,2,Importance
7,73,3,Importance
7,74,3,Importance
7,75,4,Importance
7,76,3,Importance
7,77,2,Importance
7,78,3,Importance
7,79,3,Importance
7,80,3,Importance
7,81,2,Importance
7,82,4,Importance
7,83,3,Importance
7,84,3,Importance
7,85,4,Importance
7,86,3,Importance
7,87,2,Importance
7,88,3,Importance
7,89,4,Importance
7,90,3,Importance
7,91,4,Importance
7,92,3,Importance
7,93,4,Importance
7,94,4,Importance
7,95,3,Importance
7,96,2,Importance
7,97,3,Importance
7,98,4,Importance
7,99,3,Importance
7,100,4,Importance
8,1,4,Feasibility
8,2,3,Feasibility
8,3,3,Feasibility
8,4,4,Feasibility
8,6,3,Feasibility
8,7,3,Feasibility
8,8,3,Feasibility
8,9,4,Feasibility
8,10,2,Feasibility
8,11,2,Feasibility
8,12,3,Feasibility
8,13,3,Feasibility
8,14,3,Feasibility
8,15,4,Feasibility
8,16,3,Feasibility
8,17,4,Feasibility
8,18,3,Feasibility
8,19,3,Feasibility
8,20,3,Feasibility
8,21,4,Feasibility
8,22,4,Feasibility
8,23,3,Feasibility
8,24,3,Feasibility
8,25,3,Feasibility
8,26,3,Feasibility
8,27,4,Feasibility
8,28,3,Feasibility
8,29,2,Feasibility
8,30,3,Feasibility
8,31,3,Feasibility
8,32,1,Feasibility
8,33,2,Feasibility
8,34,2,Feasibility
8,35,3,Feasibility
8,36,2,Feasibility
8,37,3,Feasibility
8,38,2,Feasibility
8,39,4,Feasibility
8,40,3,Feasibility
8,41,3,Feasibility
8,42,4,Feasibility
8,43,4,Feasibility
8,44,4,Feasibility
8,45,4,Feasibility
8,46,2,Feasibility
8,47,3,Feasibility
8,48,4,Feasibility
8,49,3,Feasibility
8,50,5,Feasibility
8,51,4,Feasibility
8,52,2,Feasibility
8,53,4,Feasibility
8,54,4,Feasibility
8,55,2,Feasibility
8,56,3,Feasibility
8,57,5,Feasibility
8,58,4,Feasibility
8,59,4,Feasibility
8,60,3,Feasibility
8,61,2,Feasibility
8,62,4,Feasibility
8,63,3,Feasibility
8,64,2,Feasibility
8,65,4,Feasibility
8,66,3,Feasibility
8,67,2,Feasibility
8,68,5,Feasibility
8,69,3,Feasibility
8,70,3,Feasibility
8,71,3,Feasibility
8,72,3,Feasibility
8,73,4,Feasibility
8,74,3,Feasibility
8,75,2,Feasibility
8,76,3,Feasibility
8,77,2,Feasibility
8,78,2,Feasibility
8,79,2,Feasibility
8,80,4,Feasibility
8,81,3,Feasibility
8,82,3,Feasibility
8,83,2,Feasibility
8,84,3,Feasibility
8,85,2,Feasibility
8,86,4,Feasibility
8,87,2,Feasibility
8,88,3,Feasibility
8,89,3,Feasibility
8,90,2,Feasibility
8,91,2,Feasibility
8,92,2,Feasibility
8,93,2,Feasibility
8,94,3,Feasibility
8,95,2,Feasibility
8,96,2,Feasibility
8,97,4,Feasibility
8,98,3,Feasibility
8,99,2,Feasibility
8,100,4,Feasibility
9,1,5,Importance
9,2,5,Importance
9,3,5,Importance
9,4,3,Importance
9,5,3,Importance
9,6,3,Importance
9,7,4,Importance
9,8,5,Importance
9,9,4,Importance
9,10,3,Importance
9,11,4,Importance
9,12,3,Importance
9,13,3,Importance
9,14,4,Importance
9,15,2,Importance
9,16,2,Importance
9,17,2,Importance
9,18,4,Importance
9,19,4,Importance
9,20,4,Importance
9,21,1,Importance
9,22,4,Importance
9,23,4,Importance
9,24,2,Importance
9,25,1,Importance
9,26,1,Importance
9,27,1,Importance
9,28,4,Importance
9,29,4,Importance
9,30,5,Importance
9,31,4,Importance
9,32,3,Importance
9,33,2,Importance
9,34,3,Importance
9,35,2,Importance
9,36,4,Importance
9,37,5,Importance
9,38,4,Importance
9,39,5,Importance
9,40,4,Importance
9,41,4,Importance
9,42,3,Importance
9,43,4,Importance
9,44,3,Importance
9,45,1,Importance
9,46,5,Importance
9,47,4,Importance
9,48,5,Importance
9,49,5,Importance
9,50,4,Importance
9,51,4,Importance
9,52,4,Importance
9,53,2,Importance
9,54,4,Importance
9,55,2,Importance
9,56,5,Importance
9,57,3,Importance
9,58,4,Importance
9,59,4,Importance
9,60,2,Importance
9,61,1,Importance
9,62,2,Importance
9,63,3,Importance
9,64,4,Importance
9,65,2,Importance
9,66,4,Importance
9,67,4,Importance
9,68,3,Importance
9,69,5,Importance
9,70,3,Importance
9,71,3,Importance
9,72,4,Importance
9,73,5,Importance
9,74,2,Importance
9,75,4,Importance
9,76,4,Importance
9,77,2,Importance
9,78,3,Importance
9,79,3,Importance
9,80,4,Importance
9,81,4,Importance
9,82,3,Importance
9,83,2,Importance
9,84,4,Importance
9,85,4,Importance
9,86,3,Importance
9,87,2,Importance
9,88,2,Importance
9,89,5,Importance
9,90,4,Importance
9,91,3,Importance
9,92,2,Importance
9,93,3,Importance
9,94,4,Importance
9,95,3,Importance
9,96,3,Importance
9,97,2,Importance
9,98,4,Importance
9,99,4,Importance
9,100,5,Importance
9,1,4,Feasibility
9,2,3,Feasibility
9,3,5,Feasibility
9,4,5,Feasibility
9,5,1,Feasibility
9,6,1,Feasibility
9,7,2,Feasibility
9,8,4,Feasibility
9,9,3,Feasibility
9,10,3,Feasibility
9,11,4,Feasibility
9,12,4,Feasibility
9,13,2,Feasibility
9,14,3,Feasibility
9,15,4,Feasibility
9,16,1,Feasibility
9,17,1,Feasibility
9,18,5,Feasibility
9,19,4,Feasibility
9,20,3,Feasibility
9,21,4,Feasibility
9,22,4,Feasibility
9,23,5,Feasibility
9,24,3,Feasibility
9,25,2,Feasibility
9,26,1,Feasibility
9,27,3,Feasibility
9,28,4,Feasibility
9,29,2,Feasibility
9,30,4,Feasibility
9,31,4,Feasibility
9,32,3,Feasibility
9,33,4,Feasibility
9,34,4,Feasibility
9,35,4,Feasibility
9,36,3,Feasibility
9,37,5,Feasibility
9,38,4,Feasibility
9,39,5,Feasibility
9,40,4,Feasibility
9,41,4,Feasibility
9,42,2,Feasibility
9,43,3,Feasibility
9,44,4,Feasibility
9,45,1,Feasibility
9,46,2,Feasibility
9,47,3,Feasibility
9,48,3,Feasibility
9,49,3,Feasibility
9,50,5,Feasibility
9,51,5,Feasibility
9,52,2,Feasibility
9,53,2,Feasibility
9,54,3,Feasibility
9,55,4,Feasibility
9,56,4,Feasibility
9,57,5,Feasibility
9,58,4,Feasibility
9,59,4,Feasibility
9,60,4,Feasibility
9,61,4,Feasibility
9,62,2,Feasibility
9,63,1,Feasibility
9,64,3,Feasibility
9,65,5,Feasibility
9,66,3,Feasibility
9,67,1,Feasibility
9,68,5,Feasibility
9,69,5,Feasibility
9,70,4,Feasibility
9,71,4,Feasibility
9,72,4,Feasibility
9,73,4,Feasibility
9,74,4,Feasibility
9,75,3,Feasibility
9,76,4,Feasibility
9,77,2,Feasibility
9,78,2,Feasibility
9,79,2,Feasibility
9,80,4,Feasibility
9,81,3,Feasibility
9,82,4,Feasibility
9,83,4,Feasibility
9,84,5,Feasibility
9,85,4,Feasibility
9,86,5,Feasibility
9,87,4,Feasibility
9,88,4,Feasibility
9,89,4,Feasibility
9,90,4,Feasibility
9,91,2,Feasibility
9,92,3,Feasibility
9,93,3,Feasibility
9,94,3,Feasibility
9,95,4,Feasibility
9,96,4,Feasibility
9,97,4,Feasibility
9,98,4,Feasibility
9,99,4,Feasibility
9,100,5,Feasibility
10,1,5,Importance
10,2,5,Importance
10,3,5,Importance
10,4,4,Importance
10,5,4,Importance
10,6,3,Importance
10,7,2,Importance
10,8,5,Importance
10,9,5,Importance
10,10,4,Importance
10,11,5,Importance
10,12,5,Importance
10,13,3,Importance
10,14,3,Importance
10,15,4,Importance
10,16,4,Importance
10,17,4,Importance
10,18,4,Importance
10,19,4,Importance
10,20,4,Importance
10,21,4,Importance
10,22,3,Importance
10,23,4,Importance
10,24,4,Importance
10,25,3,Importance
10,26,3,Importance
10,27,4,Importance
10,28,3,Importance
10,29,3,Importance
10,30,4,Importance
10,31,3,Importance
10,32,3,Importance
10,33,4,Importance
10,34,4,Importance
10,35,4,Importance
10,36,4,Importance
10,37,4,Importance
10,38,4,Importance
10,39,3,Importance
10,40,4,Importance
10,41,3,Importance
10,42,3,Importance
10,43,4,Importance
10,44,4,Importance
10,45,4,Importance
10,46,5,Importance
10,47,4,Importance
10,48,3,Importance
10,49,3,Importance
10,50,3,Importance
10,51,4,Importance
10,52,3,Importance
10,53,4,Importance
10,54,4,Importance
10,55,5,Importance
10,56,4,Importance
10,57,4,Importance
10,58,4,Importance
10,59,5,Importance
10,60,4,Importance
10,61,3,Importance
10,62,3,Importance
10,63,3,Importance
10,64,4,Importance
10,65,3,Importance
10,66,4,Importance
10,67,4,Importance
10,68,4,Importance
10,69,3,Importance
10,70,3,Importance
10,71,3,Importance
10,72,4,Importance
10,73,4,Importance
10,74,4,Importance
10,75,4,Importance
10,76,4,Importance
10,77,4,Importance
10,78,3,Importance
10,79,3,Importance
10,80,2,Importance
10,81,2,Importance
10,82,4,Importance
10,83,4,Importance
10,84,4,Importance
10,85,4,Importance
10,86,3,Importance
10,87,3,Importance
10,88,4,Importance
10,89,3,Importance
10,90,4,Importance
10,91,3,Importance
10,92,4,Importance
10,93,4,Importance
10,94,4,Importance
10,95,3,Importance
10,96,4,Importance
10,97,3,Importance
10,98,4,Importance
10,99,4,Importance
10,100,4,Importance
10,1,3,Feasibility
10,2,2,Feasibility
10,3,2,Feasibility
10,4,5,Feasibility
10,5,3,Feasibility
10,6,4,Feasibility
10,7,4,Feasibility
10,8,3,Feasibility
10,9,4,Feasibility
10,10,2,Feasibility
10,11,4,Feasibility
10,12,5,Feasibility
10,13,4,Feasibility
10,14,4,Feasibility
10,15,3,Feasibility
10,16,3,Feasibility
10,17,3,Feasibility
10,18,3,Feasibility
10,19,3,Feasibility
10,20,5,Feasibility
10,21,3,Feasibility
10,22,3,Feasibility
10,23,5,Feasibility
10,24,4,Feasibility
10,25,2,Feasibility
10,26,2,Feasibility
10,27,3,Feasibility
10,28,2,Feasibility
10,29,2,Feasibility
10,30,4,Feasibility
10,31,2,Feasibility
10,32,3,Feasibility
10,33,4,Feasibility
10,34,3,Feasibility
10,35,3,Feasibility
10,36,5,Feasibility
10,37,4,Feasibility
10,38,3,Feasibility
10,39,5,Feasibility
10,40,2,Feasibility
10,41,3,Feasibility
10,42,3,Feasibility
10,43,3,Feasibility
10,44,4,Feasibility
10,45,4,Feasibility
10,46,5,Feasibility
10,47,3,Feasibility
10,48,2,Feasibility
10,49,4,Feasibility
10,50,4,Feasibility
10,51,5,Feasibility
10,52,3,Feasibility
10,53,4,Feasibility
10,54,3,Feasibility
10,55,5,Feasibility
10,56,3,Feasibility
10,57,4,Feasibility
10,58,3,Feasibility
10,59,3,Feasibility
10,60,3,Feasibility
10,61,2,Feasibility
10,62,3,Feasibility
10,63,3,Feasibility
10,64,3,Feasibility
10,65,1,Feasibility
10,66,5,Feasibility
10,67,3,Feasibility
10,68,5,Feasibility
10,69,4,Feasibility
10,70,4,Feasibility
10,71,5,Feasibility
10,72,5,Feasibility
10,73,4,Feasibility
10,74,4,Feasibility
10,75,5,Feasibility
10,76,3,Feasibility
10,77,5,Feasibility
10,78,3,Feasibility
10,79,4,Feasibility
10,80,3,Feasibility
10,81,3,Feasibility
10,82,5,Feasibility
10,83,3,Feasibility
10,84,5,Feasibility
10,85,4,Feasibility
10,86,4,Feasibility
10,87,3,Feasibility
10,88,3,Feasibility
10,89,3,Feasibility
10,90,3,Feasibility
10,91,3,Feasibility
10,92,3,Feasibility
10,93,4,Feasibility
10,94,1,Feasibility
10,95,3,Feasibility
10,96,5,Feasibility
10,97,3,Feasibility
10,98,3,Feasibility
10,99,1,Feasibility
10,100,3,Feasibility
11,1,4,Importance
11,2,2,Importance
11,3,3,Importance
11,4,4,Importance
11,5,3,Importance
11,6,4,Importance
11,7,2,Importance
11,8,4,Importance
11,9,4,Importance
11,10,4,Importance
11,11,4,Importance
11,12,2,Importance
11,13,2,Importance
11,14,2,Importance
11,15,2,Importance
11,16,2,Importance
11,17,3,Importance
11,18,4,Importance
11,19,3,Importance
11,20,4,Importance
11,21,2,Importance
11,22,4,Importance
11,23,4,Importance
11,24,3,Importance
11,25,3,Importance
11,26,1,Importance
11,27,3,Importance
11,28,3,Importance
11,29,2,Importance
11,30,4,Importance
11,31,2,Importance
11,32,2,Importance
11,33,1,Importance
11,34,2,Importance
11,35,3,Importance
11,36,1,Importance
11,37,4,Importance
11,38,3,Importance
11,39,4,Importance
11,40,2,Importance
11,41,3,Importance
11,42,4,Importance
11,43,4,Importance
11,44,5,Importance
11,45,3,Importance
11,46,3,Importance
11,47,1,Importance
11,48,1,Importance
11,49,1,Importance
11,50,4,Importance
11,51,3,Importance
11,52,2,Importance
11,53,4,Importance
11,54,3,Importance
11,55,1,Importance
11,56,2,Importance
11,57,4,Importance
11,58,4,Importance
11,59,4,Importance
11,60,3,Importance
11,61,1,Importance
11,62,2,Importance
11,63,3,Importance
11,64,3,Importance
11,65,3,Importance
11,66,2,Importance
11,67,1,Importance
11,68,2,Importance
11,69,4,Importance
11,70,3,Importance
11,71,1,Importance
11,72,4,Importance
11,73,3,Importance
11,74,3,Importance
11,75,2,Importance
11,76,4,Importance
11,77,2,Importance
11,78,2,Importance
11,79,4,Importance
11,80,4,Importance
11,81,2,Importance
11,82,2,Importance
11,83,1,Importance
11,85,2,Importance
11,86,2,Importance
11,87,2,Importance
11,88,4,Importance
11,89,5,Importance
11,90,1,Importance
11,91,1,Importance
11,92,3,Importance
11,93,1,Importance
11,94,4,Importance
11,95,2,Importance
11,96,1,Importance
11,97,4,Importance
11,98,4,Importance
11,99,1,Importance
11,100,4,Importance
11,1,4,Feasibility
11,2,5,Feasibility
11,3,3,Feasibility
11,4,4,Feasibility
11,5,3,Feasibility
11,6,4,Feasibility
11,7,3,Feasibility
11,8,4,Feasibility
11,9,4,Feasibility
11,10,3,Feasibility
11,11,5,Feasibility
11,12,3,Feasibility
11,13,4,Feasibility
11,14,3,Feasibility
11,15,4,Feasibility
11,16,2,Feasibility
11,17,3,Feasibility
11,18,4,Feasibility
11,19,4,Feasibility
11,20,3,Feasibility
11,21,4,Feasibility
11,22,4,Feasibility
11,23,4,Feasibility
11,24,3,Feasibility
11,25,3,Feasibility
11,26,4,Feasibility
11,27,4,Feasibility
11,28,4,Feasibility
11,29,4,Feasibility
11,30,4,Feasibility
11,31,2,Feasibility
11,32,2,Feasibility
11,33,3,Feasibility
11,34,4,Feasibility
11,35,3,Feasibility
11,36,4,Feasibility
11,37,4,Feasibility
11,38,4,Feasibility
11,39,3,Feasibility
11,40,4,Feasibility
11,41,3,Feasibility
11,42,4,Feasibility
11,43,4,Feasibility
11,44,4,Feasibility
11,45,3,Feasibility
11,46,3,Feasibility
11,47,3,Feasibility
11,48,4,Feasibility
11,49,2,Feasibility
11,50,4,Feasibility
11,51,4,Feasibility
11,52,3,Feasibility
11,53,4,Feasibility
11,54,4,Feasibility
11,55,3,Feasibility
11,56,3,Feasibility
11,57,4,Feasibility
11,58,3,Feasibility
11,59,4,Feasibility
11,60,4,Feasibility
11,61,3,Feasibility
11,62,4,Feasibility
11,63,4,Feasibility
11,64,4,Feasibility
11,65,3,Feasibility
11,66,3,Feasibility
11,67,4,Feasibility
11,68,3,Feasibility
11,69,4,Feasibility
11,70,3,Feasibility
11,71,2,Feasibility
11,72,4,Feasibility
11,73,4,Feasibility
11,74,4,Feasibility
11,75,4,Feasibility
11,76,4,Feasibility
11,77,4,Feasibility
11,78,4,Feasibility
11,79,3,Feasibility
11,80,3,Feasibility
11,81,3,Feasibility
11,82,3,Feasibility
11,83,4,Feasibility
11,84,4,Feasibility
11,85,4,Feasibility
11,86,3,Feasibility
11,87,4,Feasibility
11,88,3,Feasibility
11,89,4,Feasibility
11,90,2,Feasibility
11,91,4,Feasibility
11,92,4,Feasibility
11,93,4,Feasibility
11,94,4,Feasibility
11,95,4,Feasibility
11,96,4,Feasibility
11,97,4,Feasibility
11,98,3,Feasibility
11,99,3,Feasibility
11,100,4,Feasibility
12,1,4,Importance
12,2,5,Importance
12,3,4,Importance
12,4,3,Importance
12,5,3,Importance
12,6,4,Importance
12,7,4,Importance
12,8,4,Importance
12,9,3,Importance
12,10,3,Importance
12,11,3,Importance
12,12,4,Importance
12,13,2,Importance
12,14,3,Importance
12,15,4,Importance
12,16,4,Importance
12,17,4,Importance
12,18,3,Importance
12,19,3,Importance
12,20,4,Importance
12,21,3,Importance
12,22,2,Importance
12,23,3,Importance
12,24,2,Importance
12,25,3,Importance
12,26,2,Importance
12,27,3,Importance
12,28,2,Importance
12,29,3,Importance
12,30,3,Importance
12,31,4,Importance
12,32,2,Importance
12,33,1,Importance
12,34,3,Importance
12,35,3,Importance
12,36,4,Importance
12,37,2,Importance
12,38,4,Importance
12,39,4,Importance
12,40,3,Importance
12,41,2,Importance
12,42,4,Importance
12,43,3,Importance
12,44,3,Importance
12,45,3,Importance
12,46,4,Importance
12,47,1,Importance
12,48,3,Importance
12,49,3,Importance
12,50,3,Importance
12,51,3,Importance
12,52,4,Importance
12,53,4,Importance
12,54,2,Importance
12,55,2,Importance
12,56,4,Importance
12,57,3,Importance
12,58,4,Importance
12,59,4,Importance
12,60,3,Importance
12,61,3,Importance
12,62,3,Importance
12,63,4,Importance
12,64,3,Importance
12,65,3,Importance
12,66,4,Importance
12,67,4,Importance
12,68,3,Importance
12,69,4,Importance
12,70,3,Importance
12,71,4,Importance
12,72,4,Importance
12,73,3,Importance
12,74,2,Importance
12,75,3,Importance
12,76,4,Importance
12,77,1,Importance
12,78,2,Importance
12,79,4,Importance
12,80,4,Importance
12,81,2,Importance
12,82,3,Importance
12,83,3,Importance
12,84,3,Importance
12,85,4,Importance
12,86,4,Importance
12,87,3,Importance
12,88,4,Importance
12,89,3,Importance
12,90,3,Importance
12,91,2,Importance
12,92,3,Importance
12,93,4,Importance
12,94,3,Importance
12,95,3,Importance
12,96,4,Importance
12,97,3,Importance
12,98,4,Importance
12,99,2,Importance
12,100,3,Importance
12,1,3,Feasibility
12,2,2,Feasibility
12,3,3,Feasibility
12,4,5,Feasibility
12,5,3,Feasibility
12,6,4,Feasibility
12,7,4,Feasibility
12,8,3,Feasibility
12,9,4,Feasibility
12,10,3,Feasibility
12,11,4,Feasibility
12,12,3,Feasibility
12,13,5,Feasibility
12,14,3,Feasibility
12,15,4,Feasibility
12,16,3,Feasibility
12,17,2,Feasibility
12,18,3,Feasibility
12,19,3,Feasibility
12,20,4,Feasibility
12,21,3,Feasibility
12,22,2,Feasibility
12,23,4,Feasibility
12,24,3,Feasibility
12,25,4,Feasibility
12,26,2,Feasibility
12,28,4,Feasibility
12,29,3,Feasibility
12,30,3,Feasibility
12,31,4,Feasibility
12,32,2,Feasibility
12,33,1,Feasibility
12,34,2,Feasibility
12,36,3,Feasibility
12,37,5,Feasibility
12,38,3,Feasibility
12,39,3,Feasibility
12,40,2,Feasibility
12,41,4,Feasibility
12,42,4,Feasibility
12,43,5,Feasibility
12,44,4,Feasibility
12,45,4,Feasibility
12,46,5,Feasibility
12,47,2,Feasibility
12,48,3,Feasibility
12,49,3,Feasibility
12,50,5,Feasibility
12,51,5,Feasibility
12,52,3,Feasibility
12,53,5,Feasibility
12,54,3,Feasibility
12,55,2,Feasibility
12,56,3,Feasibility
12,57,5,Feasibility
12,58,4,Feasibility
12,59,3,Feasibility
12,60,3,Feasibility
12,61,2,Feasibility
12,62,5,Feasibility
12,63,3,Feasibility
12,64,4,Feasibility
12,65,3,Feasibility
12,66,3,Feasibility
12,67,2,Feasibility
12,68,4,Feasibility
12,69,5,Feasibility
12,70,3,Feasibility
12,71,2,Feasibility
12,72,4,Feasibility
12,73,3,Feasibility
12,74,4,Feasibility
12,75,3,Feasibility
12,76,4,Feasibility
12,77,1,Feasibility
12,78,2,Feasibility
12,79,3,Feasibility
12,80,4,Feasibility
12,81,3,Feasibility
12,82,4,Feasibility
12,83,2,Feasibility
12,84,5,Feasibility
12,85,3,Feasibility
12,86,3,Feasibility
12,87,2,Feasibility
12,88,4,Feasibility
12,89,5,Feasibility
12,90,4,Feasibility
12,91,2,Feasibility
12,92,2,Feasibility
12,93,3,Feasibility
12,94,4,Feasibility
12,95,2,Feasibility
12,96,3,Feasibility
12,97,4,Feasibility
12,98,4,Feasibility
12,99,2,Feasibility
12,100,5,Feasibility
14,1,5,Importance
14,2,4,Importance
14,3,4,Importance
14,4,5,Importance
14,5,4,Importance
14,6,4,Importance
14,7,4,Importance
14,8,4,Importance
14,9,4,Importance
14,10,3,Importance
14,11,4,Importance
14,12,4,Importance
14,13,4,Importance
14,14,4,Importance
14,15,4,Importance
14,16,4,Importance
14,17,4,Importance
14,18,4,Importance
14,19,4,Importance
14,20,3,Importance
14,21,3,Importance
14,22,4,Importance
14,23,4,Importance
14,24,4,Importance
14,25,4,Importance
14,26,4,Importance
14,27,4,Importance
14,28,4,Importance
14,29,4,Importance
14,30,4,Importance
14,31,4,Importance
14,32,4,Importance
14,33,4,Importance
14,34,4,Importance
14,35,4,Importance
14,36,4,Importance
14,37,3,Importance
14,38,4,Importance
14,39,4,Importance
14,40,4,Importance
14,41,4,Importance
14,42,4,Importance
14,43,4,Importance
14,44,4,Importance
14,45,4,Importance
14,46,4,Importance
14,47,4,Importance
14,48,4,Importance
14,49,4,Importance
14,50,4,Importance
14,51,4,Importance
14,52,4,Importance
14,53,4,Importance
14,54,3,Importance
14,55,4,Importance
14,56,4,Importance
14,57,4,Importance
14,58,4,Importance
14,59,4,Importance
14,60,4,Importance
14,61,3,Importance
14,62,4,Importance
14,63,4,Importance
14,64,4,Importance
14,65,4,Importance
14,66,4,Importance
14,67,4,Importance
14,68,3,Importance
14,69,4,Importance
14,70,4,Importance
14,71,4,Importance
14,72,4,Importance
14,73,4,Importance
14,74,4,Importance
14,75,4,Importance
14,76,4,Importance
14,77,4,Importance
14,78,4,Importance
14,79,4,Importance
14,80,4,Importance
14,81,4,Importance
14,82,4,Importance
14,83,4,Importance
14,84,4,Importance
14,85,4,Importance
14,86,4,Importance
14,87,3,Importance
14,88,4,Importance
14,89,4,Importance
14,90,4,Importance
14,91,4,Importance
14,92,4,Importance
14,93,4,Importance
14,94,4,Importance
14,95,4,Importance
14,96,4,Importance
14,97,4,Importance
14,98,4,Importance
14,99,3,Importance
14,100,4,Importance
14,1,4,Feasibility
14,2,3,Feasibility
14,3,3,Feasibility
14,4,4,Feasibility
14,5,3,Feasibility
14,6,4,Feasibility
14,7,3,Feasibility
14,8,3,Feasibility
14,9,3,Feasibility
14,10,3,Feasibility
14,11,3,Feasibility
14,12,3,Feasibility
14,13,2,Feasibility
14,14,3,Feasibility
14,15,3,Feasibility
14,16,4,Feasibility
14,17,3,Feasibility
14,18,4,Feasibility
14,19,3,Feasibility
14,20,2,Feasibility
14,21,4,Feasibility
14,22,4,Feasibility
14,23,3,Feasibility
14,24,3,Feasibility
14,25,3,Feasibility
14,26,3,Feasibility
14,27,3,Feasibility
14,28,3,Feasibility
14,29,2,Feasibility
14,30,3,Feasibility
14,31,2,Feasibility
14,32,2,Feasibility
14,33,2,Feasibility
14,34,4,Feasibility
14,35,3,Feasibility
14,36,3,Feasibility
14,37,4,Feasibility
14,38,3,Feasibility
14,39,3,Feasibility
14,40,3,Feasibility
14,41,3,Feasibility
14,42,3,Feasibility
14,43,4,Feasibility
14,44,4,Feasibility
14,45,4,Feasibility
14,46,3,Feasibility
14,47,3,Feasibility
14,48,2,Feasibility
14,49,2,Feasibility
14,50,4,Feasibility
14,51,4,Feasibility
14,52,2,Feasibility
14,53,4,Feasibility
14,54,4,Feasibility
14,55,2,Feasibility
14,56,3,Feasibility
14,57,4,Feasibility
14,58,3,Feasibility
14,59,3,Feasibility
14,60,3,Feasibility
14,61,3,Feasibility
14,62,3,Feasibility
14,63,2,Feasibility
14,64,3,Feasibility
14,65,2,Feasibility
14,66,4,Feasibility
14,67,3,Feasibility
14,68,4,Feasibility
14,69,4,Feasibility
14,70,3,Feasibility
14,71,3,Feasibility
14,72,3,Feasibility
14,73,3,Feasibility
14,74,3,Feasibility
14,75,2,Feasibility
14,76,4,Feasibility
14,77,3,Feasibility
14,78,3,Feasibility
14,79,4,Feasibility
14,80,4,Feasibility
14,81,3,Feasibility
14,82,3,Feasibility
14,83,2,Feasibility
14,84,2,Feasibility
14,85,2,Feasibility
14,86,3,Feasibility
14,87,2,Feasibility
14,88,3,Feasibility
14,89,4,Feasibility
14,90,4,Feasibility
14,91,3,Feasibility
14,92,2,Feasibility
14,93,2,Feasibility
14,94,3,Feasibility
14,95,2,Feasibility
14,96,2,Feasibility
14,97,2,Feasibility
14,98,4,Feasibility
14,99,3,Feasibility
14,100,3,Feasibility
15,1,5,Importance
15,2,5,Importance
15,3,5,Importance
15,4,3,Importance
15,5,5,Importance
15,6,2,Importance
15,7,5,Importance
15,8,4,Importance
15,9,5,Importance
15,10,5,Importance
15,11,2,Importance
15,12,4,Importance
15,13,4,Importance
15,14,5,Importance
15,15,3,Importance
15,16,2,Importance
15,17,4,Importance
15,18,4,Importance
15,19,5,Importance
15,20,4,Importance
15,21,2,Importance
15,22,3,Importance
15,23,3,Importance
15,24,3,Importance
15,25,4,Importance
15,26,5,Importance
15,27,3,Importance
15,28,2,Importance
15,29,5,Importance
15,30,3,Importance
15,31,3,Importance
15,32,4,Importance
15,33,1,Importance
15,34,3,Importance
15,35,2,Importance
15,36,4,Importance
15,37,4,Importance
15,38,5,Importance
15,39,4,Importance
15,40,5,Importance
15,41,3,Importance
15,42,4,Importance
15,43,5,Importance
15,44,3,Importance
15,45,4,Importance
15,46,5,Importance
15,47,2,Importance
15,48,4,Importance
15,49,4,Importance
15,50,3,Importance
15,51,4,Importance
15,52,1,Importance
15,53,3,Importance
15,54,3,Importance
15,55,5,Importance
15,56,4,Importance
15,57,4,Importance
15,58,3,Importance
15,59,3,Importance
15,60,3,Importance
15,61,3,Importance
15,62,4,Importance
15,63,4,Importance
15,64,4,Importance
15,65,4,Importance
15,66,2,Importance
15,67,4,Importance
15,68,5,Importance
15,69,5,Importance
15,70,3,Importance
15,71,1,Importance
15,72,3,Importance
15,73,4,Importance
15,74,2,Importance
15,75,4,Importance
15,76,4,Importance
15,77,1,Importance
15,78,1,Importance
15,79,3,Importance
15,80,4,Importance
15,81,3,Importance
15,82,5,Importance
15,83,3,Importance
15,84,4,Importance
15,85,3,Importance
15,86,4,Importance
15,87,4,Importance
15,88,4,Importance
15,89,5,Importance
15,90,3,Importance
15,91,2,Importance
15,92,3,Importance
15,93,2,Importance
15,94,5,Importance
15,95,3,Importance
15,96,2,Importance
15,97,3,Importance
15,98,3,Importance
15,99,2,Importance
15,100,5,Importance
15,1,4,Feasibility
15,2,4,Feasibility
15,3,4,Feasibility
15,4,4,Feasibility
15,5,3,Feasibility
15,6,2,Feasibility
15,7,3,Feasibility
15,8,4,Feasibility
15,9,4,Feasibility
15,10,4,Feasibility
15,11,3,Feasibility
15,12,4,Feasibility
15,13,2,Feasibility
15,14,3,Feasibility
15,15,3,Feasibility
15,16,3,Feasibility
15,17,3,Feasibility
15,18,4,Feasibility
15,19,4,Feasibility
15,20,2,Feasibility
15,21,2,Feasibility
15,22,3,Feasibility
15,23,4,Feasibility
15,24,2,Feasibility
15,25,4,Feasibility
15,26,2,Feasibility
15,27,4,Feasibility
15,28,4,Feasibility
15,29,4,Feasibility
15,30,4,Feasibility
15,31,5,Feasibility
15,32,3,Feasibility
15,33,2,Feasibility
15,34,4,Feasibility
15,35,4,Feasibility
15,36,4,Feasibility
15,37,5,Feasibility
15,38,3,Feasibility
15,39,4,Feasibility
15,40,4,Feasibility
15,41,3,Feasibility
15,42,4,Feasibility
15,43,4,Feasibility
15,44,4,Feasibility
15,45,3,Feasibility
15,46,4,Feasibility
15,47,2,Feasibility
15,48,3,Feasibility
15,49,3,Feasibility
15,50,5,Feasibility
15,51,5,Feasibility
15,52,3,Feasibility
15,53,5,Feasibility
15,54,3,Feasibility
15,55,2,Feasibility
15,56,5,Feasibility
15,57,5,Feasibility
15,58,2,Feasibility
15,59,3,Feasibility
15,60,3,Feasibility
15,61,3,Feasibility
15,62,4,Feasibility
15,63,2,Feasibility
15,64,4,Feasibility
15,65,3,Feasibility
15,66,3,Feasibility
15,67,3,Feasibility
15,68,5,Feasibility
15,69,5,Feasibility
15,70,5,Feasibility
15,71,2,Feasibility
15,72,4,Feasibility
15,73,4,Feasibility
15,74,4,Feasibility
15,75,3,Feasibility
15,76,3,Feasibility
15,77,2,Feasibility
15,78,2,Feasibility
15,79,3,Feasibility
15,80,4,Feasibility
15,81,2,Feasibility
15,82,2,Feasibility
15,83,3,Feasibility
15,84,5,Feasibility
15,85,4,Feasibility
15,86,3,Feasibility
15,87,4,Feasibility
15,88,3,Feasibility
15,89,5,Feasibility
15,90,3,Feasibility
15,91,2,Feasibility
15,92,3,Feasibility
15,93,3,Feasibility
15,94,3,Feasibility
15,95,3,Feasibility
15,96,3,Feasibility
15,97,2,Feasibility
15,98,3,Feasibility
15,99,3,Feasibility
15,100,5,Feasibility
